Abelardo,Abê
Ana Chinen,Ana
André Siqueira,André
Andreas,Andreas,Deas
Annick,Annick
Bea Ujvari,Bea,Beatriz,Bea Ujvari
Bettina,Be,Bê,Bet
Bia Viana,Bia,Bia Viana
Bru,Bruna,Bru
Bruno Siraiama,Bruno
Caique Dias,Caique,Kiq,Kaique
Cami,Cami
Carol Pereira,Carol,Carol P,Carol P.,Carol Pereira
Carol Pessoa,Carol,Carol P,Carol P., Carol Pessoa
Cecília,Ceci,Cecília,Cecilia
Cibeli,Cibas,Cibele,Cibeli,Ciba
Cynthia,Cynthia
Davi,Davi,David
Delano,Delano,Delaqua,Matheus,DJLano
Diego,Diego
Dinha,Dinha,Didi,Di,Amanda,Didipe,Didip
Eli,Eliezer,Eli,Eliwesley,Eliester
Felipe Santiago,Felipe,Felipe Santiago,Fe
Fernanda Souza,Fernanda,Fer
Filipe,Filipe,Fih,Fi
Finn,Finn
Flavio,Flavio
Gabi,Gabi
Gabi Vieira,Gabi V.,Gabi Vieira,Gabi
Gabriel Jorge,Jorge,Gabriel J
Geovana,Geovana
Giovanna Carvalho,Gi Carvalho,Gi
Guilherme Benevides,Benevides,Gui Benevides
Guilherme Reis,Gui Reis,Guilherme,Gui
Isa Gerim,Isa,Isa Gerim
Isabella Franca,Isa Franca,Isabella
Johnny,Joao,JVS Fluup,Juau,Joaozin,Jojo,Joni,Johnny,joao
Jonas,Jonas
Ju Armond,Ju Armond,Ju A,Ju A.
Ju Caiana,Ju Caiana,Ju C,Ju C.
Ju Rodrigues,Ju R, Ju R.
Ju Senne,Ju Senne, Ju S, Ju S.,Ju s,ju s
Ka,Ka
Lau Santana,Lau,Lau Santana
Leo,Leo
Letícia Martins,Letícia,Lê,Le,Leticia
Letícia Veronez,Veronez,Le Veronez,Letícia,Lê
Lorena,Lorena,Loris,Loris popis
Luana Correia,Luana,Lu
Luiz Felipe Tronco,Tronco,Luiz Felipe
Mari Navarro,Mari
Mayara,Mayara
Nati Granusso,Nati,Nati G,Nati G.
Paula,Paula
Pedro,Pedro,Bedro
Pitta,Vitor,Vitor Pitta,Pitta
Rafa Andreoni,Rafa,Rafa Andreoni
Raquel Ingegneri,Raquel
Raul,Raul
Renna,Renna
Romano,Romano
Sami,Sami,Samira
Sarah,Sarah
Sophia,Sophia
Stella,Stella,Ste
Tatá,Tatá,Tata
Thais Mota,Thais,Thaís,Thais Mota,Mami,Mamis
Vi Varollo,Vi Varollo,Vi,Varollo
Victor Hugo,Victor,Victor Hugo
Xena,Xena,Xê,Xe